[
{
    "model": "auth.user",
    "pk": 1,
    "fields": {
        "password": "pbkdf2_sha256$36000$1hzc0qu9tFRc$nFHqVYmjoAwiM3JyEkliFLHL5U48JEfj01ynT2vuLsY=",
        "last_login": null,
        "is_superuser": false,
        "username": "+919757300385",
        "first_name": "",
        "last_name": "",
        "email": "",
        "is_staff": false,
        "is_active": true,
        "date_joined": "2020-09-17T14:48:42.449Z",
        "groups": [],
        "user_permissions": []
    }
},
{
    "model": "auth.user",
    "pk": 2,
    "fields": {
        "password": "pbkdf2_sha256$36000$g5NbqLPRKtXr$m9GvgzRVQ6TKQ2kZRahI4pzJQzbzzEl96Jo4bo2UaeQ=",
        "last_login": null,
        "is_superuser": false,
        "username": "+919756499753",
        "first_name": "",
        "last_name": "",
        "email": "",
        "is_staff": false,
        "is_active": true,
        "date_joined": "2020-09-17T14:49:24.183Z",
        "groups": [],
        "user_permissions": []
    }
},
{
    "model": "auth.user",
    "pk": 3,
    "fields": {
        "password": "pbkdf2_sha256$36000$yojL9jTEkRaM$F2h+smfz0+Qo0PUMriqBMIpyXTgmNMVoDPBcCymb0yU=",
        "last_login": null,
        "is_superuser": false,
        "username": "+919754293683",
        "first_name": "",
        "last_name": "",
        "email": "",
        "is_staff": false,
        "is_active": true,
        "date_joined": "2020-09-17T14:50:36.341Z",
        "groups": [],
        "user_permissions": []
    }
},
{
    "model": "auth.user",
    "pk": 4,
    "fields": {
        "password": "pbkdf2_sha256$36000$PxKUAoHEfPGq$n45+q3byzsnFgZM8vKW1y8bLjQc6XfQaXnet/Oyo3ek=",
        "last_login": null,
        "is_superuser": false,
        "username": "+919751562896",
        "first_name": "",
        "last_name": "",
        "email": "",
        "is_staff": false,
        "is_active": true,
        "date_joined": "2020-09-17T14:51:35.399Z",
        "groups": [],
        "user_permissions": []
    }
},
{
    "model": "auth.user",
    "pk": 5,
    "fields": {
        "password": "pbkdf2_sha256$36000$M5o2u9ZTZkLI$C9tmL/H3McPpQ1L77jY1FxNwDV7kZag9uDb5jtiAzHQ=",
        "last_login": null,
        "is_superuser": false,
        "username": "+919757947533",
        "first_name": "",
        "last_name": "",
        "email": "",
        "is_staff": false,
        "is_active": true,
        "date_joined": "2020-09-17T14:52:05.522Z",
        "groups": [],
        "user_permissions": []
    }
},
{
    "model": "users.userprofile",
    "pk": 1,
    "fields": {
        "crd": "2020-09-17T14:48:42.510Z",
        "upd": "2020-09-17T14:48:45.474Z",
        "status": "Active",
        "full_name": "arnulfo.reichel",
        "display_name": null,
        "country_code": null,
        "user_image": null,
        "is_admin": false,
        "user": 1,
        "otp": null,
        "location": null,
        "website": null,
        "biography": null,
        "birthday": null,
        "branchio_url": "https://ysfd.app.link/CWWluaEaR9",
        "profile_stream": null,
        "is_buisness_account": false,
        "is_suggested": false
    }
},
{
    "model": "users.userprofile",
    "pk": 2,
    "fields": {
        "crd": "2020-09-17T14:49:24.223Z",
        "upd": "2020-09-17T14:49:25.694Z",
        "status": "Active",
        "full_name": "florencio.herman",
        "display_name": null,
        "country_code": null,
        "user_image": null,
        "is_admin": false,
        "user": 2,
        "otp": "12345",
        "location": null,
        "website": null,
        "biography": null,
        "birthday": null,
        "branchio_url": "https://ysfd.app.link/HaTIQ9GaR9",
        "profile_stream": null,
        "is_buisness_account": false,
        "is_suggested": false
    }
},
{
    "model": "users.userprofile",
    "pk": 3,
    "fields": {
        "crd": "2020-09-17T14:50:36.377Z",
        "upd": "2020-09-17T14:50:37.063Z",
        "status": "Active",
        "full_name": "arnulfo.mertz",
        "display_name": null,
        "country_code": null,
        "user_image": null,
        "is_admin": false,
        "user": 3,
        "otp": "12345",
        "location": null,
        "website": null,
        "biography": null,
        "birthday": null,
        "branchio_url": "https://ysfd.app.link/oBQgCrMaR9",
        "profile_stream": null,
        "is_buisness_account": false,
        "is_suggested": false
    }
},
{
    "model": "users.userprofile",
    "pk": 4,
    "fields": {
        "crd": "2020-09-17T14:51:35.429Z",
        "upd": "2020-09-30T05:53:16.547Z",
        "status": "Active",
        "full_name": "andre.mccullough",
        "display_name": null,
        "country_code": null,
        "user_image": null,
        "is_admin": false,
        "user": 4,
        "otp": "12345",
        "location": null,
        "website": null,
        "biography": null,
        "birthday": null,
        "branchio_url": "https://ysfd.app.link/hL5utTQaR9",
        "profile_stream": null,
        "is_buisness_account": false,
        "is_suggested": false
    }
},
{
    "model": "users.userprofile",
    "pk": 5,
    "fields": {
        "crd": "2020-09-17T14:52:05.549Z",
        "upd": "2020-09-17T14:52:06.450Z",
        "status": "Active",
        "full_name": "penni.mosciski",
        "display_name": null,
        "country_code": null,
        "user_image": null,
        "is_admin": false,
        "user": 5,
        "otp": null,
        "location": null,
        "website": null,
        "biography": null,
        "birthday": null,
        "branchio_url": "https://ysfd.app.link/HXYdE2SaR9",
        "profile_stream": null,
        "is_buisness_account": true,
        "is_suggested": false
    }
},
{
    "model": "users.userfollow",
    "pk": 1,
    "fields": {
        "following": 2,
        "follower": 5,
        "follow_time": "2020-09-30T06:19:29.772Z"
    }
},
{
    "model": "users.userfollow",
    "pk": 2,
    "fields": {
        "following": 1,
        "follower": 5,
        "follow_time": "2020-09-30T06:19:42.254Z"
    }
},
{
    "model": "users.token",
    "pk": 1,
    "fields": {
        "created": "2020-09-17T14:53:47.327Z",
        "key": "209c2c6c515baeb81b16298139cb71488b68ac11",
        "user": 1,
        "device_name": "mac"
    }
},
{
    "model": "users.token",
    "pk": 2,
    "fields": {
        "created": "2020-09-30T05:49:41.564Z",
        "key": "e39dcdd3f2234058e7e3a26a997b7a5daaa52cdf",
        "user": 4,
        "device_name": "mac"
    }
},
{
    "model": "users.token",
    "pk": 3,
    "fields": {
        "created": "2020-09-30T05:51:10.989Z",
        "key": "0dd89c6470c05cb57fdd4b07c15753948f615f09",
        "user": 5,
        "device_name": "mac"
    }
},
{
    "model": "stream.folder",
    "pk": 1,
    "fields": {
        "crd": "2020-09-30T06:24:02.295Z",
        "upd": "2020-09-30T06:24:02.295Z",
        "name": "folder_name1",
        "icon": null,
        "owner": 1
    }
},
{
    "model": "stream.folder",
    "pk": 2,
    "fields": {
        "crd": "2020-09-30T06:24:21.097Z",
        "upd": "2020-09-30T06:24:21.097Z",
        "name": "folder_name",
        "icon": null,
        "owner": 5
    }
},
{
    "model": "stream.folder",
    "pk": 3,
    "fields": {
        "crd": "2020-09-30T06:24:28.540Z",
        "upd": "2020-09-30T06:24:28.540Z",
        "name": "folder_name2",
        "icon": null,
        "owner": 5
    }
},
{
    "model": "stream.stream",
    "pk": 1,
    "fields": {
        "crd": "2020-09-30T05:55:07.878Z",
        "upd": "2020-09-30T06:14:21.840Z",
        "status": "Active",
        "name": "Stream name v1",
        "description": "creqate d stream a from v3 url",
        "category": null,
        "image": "https://trello.com/image.png",
        "type": "Public",
        "any_one_can_edit": false,
        "created_by": 5,
        "view_count": 0,
        "featured": true,
        "emogo": false,
        "height": "400",
        "width": "400",
        "have_some_update": true,
        "color": "red",
        "folder": []
    }
},
{
    "model": "stream.stream",
    "pk": 2,
    "fields": {
        "crd": "2020-09-30T05:58:43.746Z",
        "upd": "2020-09-30T06:12:20.499Z",
        "status": "Active",
        "name": "Stream with V2",
        "description": "creqate d stream a from v2 url",
        "category": null,
        "image": "https://trello.com/image.png",
        "type": "Public",
        "any_one_can_edit": false,
        "created_by": 1,
        "view_count": 0,
        "featured": true,
        "emogo": false,
        "height": "400",
        "width": "400",
        "have_some_update": true,
        "color": "red",
        "folder": []
    }
},
{
    "model": "stream.stream",
    "pk": 3,
    "fields": {
        "crd": "2020-09-30T05:59:15.595Z",
        "upd": "2020-09-30T05:59:15.596Z",
        "status": "Active",
        "name": "Stream with V3 private",
        "description": "creqate d stream a from v3 url",
        "category": null,
        "image": "https://trello.com/image.png",
        "type": "Private",
        "any_one_can_edit": false,
        "created_by": 1,
        "view_count": 0,
        "featured": true,
        "emogo": false,
        "height": "400",
        "width": "400",
        "have_some_update": false,
        "color": "red",
        "folder": []
    }
},
{
    "model": "stream.stream",
    "pk": 4,
    "fields": {
        "crd": "2020-09-30T06:00:28.309Z",
        "upd": "2020-09-30T06:00:28.310Z",
        "status": "Active",
        "name": "Stream with V4 private",
        "description": "creqate d stream a from v4 url",
        "category": null,
        "image": "https://trello.com/image.png",
        "type": "Private",
        "any_one_can_edit": false,
        "created_by": 5,
        "view_count": 0,
        "featured": true,
        "emogo": false,
        "height": "400",
        "width": "400",
        "have_some_update": false,
        "color": "red",
        "folder": []
    }
},
{
    "model": "stream.stream",
    "pk": 5,
    "fields": {
        "crd": "2020-09-30T06:01:30.956Z",
        "upd": "2020-09-30T06:01:30.957Z",
        "status": "Active",
        "name": "Stream with V5",
        "description": "description",
        "category": null,
        "image": "https://trello.com/image.png",
        "type": "Public",
        "any_one_can_edit": false,
        "created_by": 5,
        "view_count": 0,
        "featured": true,
        "emogo": false,
        "height": "400",
        "width": "400",
        "have_some_update": false,
        "color": "blue",
        "folder": []
    }
},
{
    "model": "stream.stream",
    "pk": 6,
    "fields": {
        "crd": "2020-09-30T06:01:49.936Z",
        "upd": "2020-09-30T06:01:49.937Z",
        "status": "Active",
        "name": "Stream with V6",
        "description": "description",
        "category": null,
        "image": "https://trello.com/image.png",
        "type": "Public",
        "any_one_can_edit": false,
        "created_by": 5,
        "view_count": 0,
        "featured": true,
        "emogo": false,
        "height": "400",
        "width": "400",
        "have_some_update": false,
        "color": "orange",
        "folder": []
    }
},
{
    "model": "stream.stream",
    "pk": 7,
    "fields": {
        "crd": "2020-09-30T06:02:13.839Z",
        "upd": "2020-09-30T06:15:10.152Z",
        "status": "Active",
        "name": "Stream name V7",
        "description": "description of stream",
        "category": null,
        "image": "https://trello.com/image.png",
        "type": "Public",
        "any_one_can_edit": false,
        "created_by": 5,
        "view_count": 0,
        "featured": true,
        "emogo": false,
        "height": "400",
        "width": "400",
        "have_some_update": true,
        "color": "red",
        "folder": []
    }
},
{
    "model": "stream.stream",
    "pk": 8,
    "fields": {
        "crd": "2020-09-30T06:02:29.465Z",
        "upd": "2020-09-30T06:02:29.469Z",
        "status": "Active",
        "name": "Stream name V8",
        "description": "description of stream",
        "category": null,
        "image": "https://trello.com/image.png",
        "type": "Public",
        "any_one_can_edit": false,
        "created_by": 5,
        "view_count": 0,
        "featured": true,
        "emogo": false,
        "height": "400",
        "width": "400",
        "have_some_update": false,
        "color": "red",
        "folder": []
    }
},
{
    "model": "stream.stream",
    "pk": 9,
    "fields": {
        "crd": "2020-09-30T06:02:50.858Z",
        "upd": "2020-09-30T06:02:50.859Z",
        "status": "Active",
        "name": "Name of stream V9",
        "description": "description of stream",
        "category": null,
        "image": "https://trello.com/image.png",
        "type": "Public",
        "any_one_can_edit": false,
        "created_by": 5,
        "view_count": 0,
        "featured": true,
        "emogo": false,
        "height": "400",
        "width": "400",
        "have_some_update": false,
        "color": "red",
        "folder": []
    }
},
{
    "model": "stream.stream",
    "pk": 10,
    "fields": {
        "crd": "2020-09-30T06:02:59.042Z",
        "upd": "2020-09-30T06:15:59.554Z",
        "status": "Active",
        "name": "Name of stream V10",
        "description": "description of stream",
        "category": null,
        "image": "https://trello.com/image.png",
        "type": "Public",
        "any_one_can_edit": false,
        "created_by": 5,
        "view_count": 0,
        "featured": true,
        "emogo": false,
        "height": "400",
        "width": "400",
        "have_some_update": true,
        "color": "red",
        "folder": [
            3
        ]
    }
},
{
    "model": "stream.content",
    "pk": 1,
    "fields": {
        "crd": "2020-09-30T06:05:13.385Z",
        "upd": "2020-09-30T06:12:20.224Z",
        "status": "Active",
        "name": "content-testing1",
        "description": "This is first description.",
        "url": "https://encrypted-tbn0.gstatic.com/images?q=tbn:ANd9GcRnkUxsZ0kpbI8nqOhCouv5YoTGCZFpbu3L3A__dggghttRsbWWZA",
        "type": "zip",
        "video_image": null,
        "created_by": 1,
        "height": "300",
        "width": "300",
        "color": null,
        "order": 0,
        "html_text": "this is html file text",
        "file": "test.html"
    }
},
{
    "model": "stream.content",
    "pk": 2,
    "fields": {
        "crd": "2020-09-30T06:05:35.070Z",
        "upd": "2020-09-30T06:12:20.224Z",
        "status": "Active",
        "name": "content-testing2",
        "description": "This is second description.",
        "url": "https://encrypted-tbn0.gstatic.com/images?q=tbn:ANd9GcRnkUxsZ0kpbI8nqOhCouv5YoTGCZFpbu3L3A__dggghttRsbWWZA",
        "type": "zip",
        "video_image": null,
        "created_by": 1,
        "height": "300",
        "width": "300",
        "color": null,
        "order": 0,
        "html_text": "this is html file text",
        "file": "test.html"
    }
},
{
    "model": "stream.content",
    "pk": 3,
    "fields": {
        "crd": "2020-09-30T06:05:54.536Z",
        "upd": "2020-09-30T06:05:54.536Z",
        "status": "Active",
        "name": "content-testing-video",
        "description": "This is description.",
        "url": "https://encrypted-tbn0.gstatic.com/images?q=tbn:ANd9GcRnkUxsZ0kpbI8nqOhCouv5YoTGCZFpbu3L3A__dggghttRsbWWZA",
        "type": "Video",
        "video_image": null,
        "created_by": 1,
        "height": "300",
        "width": "300",
        "color": null,
        "order": 0,
        "html_text": "this is html file text",
        "file": "test.html"
    }
},
{
    "model": "stream.content",
    "pk": 4,
    "fields": {
        "crd": "2020-09-30T06:06:13.627Z",
        "upd": "2020-09-30T06:06:13.627Z",
        "status": "Active",
        "name": "content-testing-Link",
        "description": "This is description.",
        "url": "https://encrypted-tbn0.gstatic.com/images?q=tbn:ANd9GcRnkUxsZ0kpbI8nqOhCouv5YoTGCZFpbu3L3A__dggghttRsbWWZA",
        "type": "Link",
        "video_image": null,
        "created_by": 1,
        "height": "300",
        "width": "300",
        "color": null,
        "order": 0,
        "html_text": "this is html file text",
        "file": "test.html"
    }
},
{
    "model": "stream.content",
    "pk": 5,
    "fields": {
        "crd": "2020-09-30T06:06:35.428Z",
        "upd": "2020-09-30T06:06:35.428Z",
        "status": "Active",
        "name": "content-testing-note",
        "description": "This is description.",
        "url": "https://encrypted-tbn0.gstatic.com/images?q=tbn:ANd9GcRnkUxsZ0kpbI8nqOhCouv5YoTGCZFpbu3L3A__dggghttRsbWWZA",
        "type": "Note",
        "video_image": null,
        "created_by": 1,
        "height": "300",
        "width": "300",
        "color": null,
        "order": 0,
        "html_text": "this is html file text",
        "file": "test.html"
    }
},
{
    "model": "stream.content",
    "pk": 6,
    "fields": {
        "crd": "2020-09-30T06:07:23.791Z",
        "upd": "2020-09-30T06:14:21.614Z",
        "status": "Active",
        "name": "content-testing v1",
        "description": "This is description.",
        "url": "https://encrypted-tbn0.gstatic.com/images?q=tbn:ANd9GcRnkUxsZ0kpbI8nqOhCouv5YoTGCZFpbu3L3A__dggghttRsbWWZA",
        "type": "zip",
        "video_image": null,
        "created_by": 5,
        "height": "300",
        "width": "300",
        "color": null,
        "order": 0,
        "html_text": "this is html file text",
        "file": "test.html"
    }
},
{
    "model": "stream.content",
    "pk": 7,
    "fields": {
        "crd": "2020-09-30T06:07:59.297Z",
        "upd": "2020-09-30T06:15:09.959Z",
        "status": "Active",
        "name": "content-testing v2",
        "description": "This is description.",
        "url": "https://encrypted-tbn0.gstatic.com/images?q=tbn:ANd9GcRnkUxsZ0kpbI8nqOhCouv5YoTGCZFpbu3L3A__dggghttRsbWWZA",
        "type": "Video",
        "video_image": null,
        "created_by": 5,
        "height": "300",
        "width": "300",
        "color": null,
        "order": 0,
        "html_text": "this is html file text",
        "file": "test.html"
    }
},
{
    "model": "stream.content",
    "pk": 8,
    "fields": {
        "crd": "2020-09-30T06:08:12.692Z",
        "upd": "2020-09-30T06:15:09.959Z",
        "status": "Active",
        "name": "content-testing v2",
        "description": "This is description.",
        "url": "https://encrypted-tbn0.gstatic.com/images?q=tbn:ANd9GcRnkUxsZ0kpbI8nqOhCouv5YoTGCZFpbu3L3A__dggghttRsbWWZA",
        "type": "Link",
        "video_image": null,
        "created_by": 5,
        "height": "300",
        "width": "300",
        "color": null,
        "order": 0,
        "html_text": "this is html file text",
        "file": "test.html"
    }
},
{
    "model": "stream.content",
    "pk": 9,
    "fields": {
        "crd": "2020-09-30T06:08:20.175Z",
        "upd": "2020-09-30T06:15:59.222Z",
        "status": "Active",
        "name": "content-testing v3",
        "description": "This is description.",
        "url": "https://encrypted-tbn0.gstatic.com/images?q=tbn:ANd9GcRnkUxsZ0kpbI8nqOhCouv5YoTGCZFpbu3L3A__dggghttRsbWWZA",
        "type": "Link",
        "video_image": null,
        "created_by": 5,
        "height": "300",
        "width": "300",
        "color": null,
        "order": 0,
        "html_text": "this is html file text",
        "file": "test.html"
    }
},
{
    "model": "stream.content",
    "pk": 10,
    "fields": {
        "crd": "2020-09-30T06:08:38.496Z",
        "upd": "2020-09-30T06:08:38.496Z",
        "status": "Active",
        "name": "content-testing-note v4",
        "description": "This is description.",
        "url": "https://encrypted-tbn0.gstatic.com/images?q=tbn:ANd9GcRnkUxsZ0kpbI8nqOhCouv5YoTGCZFpbu3L3A__dggghttRsbWWZA",
        "type": "Note",
        "video_image": null,
        "created_by": 5,
        "height": "300",
        "width": "300",
        "color": null,
        "order": 0,
        "html_text": "this is html file text",
        "file": "test.html"
    }
},
{
    "model": "stream.content",
    "pk": 11,
    "fields": {
        "crd": "2020-09-30T06:08:44.026Z",
        "upd": "2020-09-30T06:15:59.222Z",
        "status": "Active",
        "name": "content-testing-note",
        "description": "This is description.",
        "url": "https://encrypted-tbn0.gstatic.com/images?q=tbn:ANd9GcRnkUxsZ0kpbI8nqOhCouv5YoTGCZFpbu3L3A__dggghttRsbWWZA",
        "type": "Note",
        "video_image": null,
        "created_by": 5,
        "height": "300",
        "width": "300",
        "color": null,
        "order": 0,
        "html_text": "this is html file text",
        "file": "test.html"
    }
},
{
    "model": "stream.content",
    "pk": 12,
    "fields": {
        "crd": "2020-09-30T06:09:10.649Z",
        "upd": "2020-09-30T06:09:10.649Z",
        "status": "Active",
        "name": "content-testing-zip v5",
        "description": "This is description.",
        "url": "https://encrypted-tbn0.gstatic.com/images?q=tbn:ANd9GcRnkUxsZ0kpbI8nqOhCouv5YoTGCZFpbu3L3A__dggghttRsbWWZA",
        "type": "zip",
        "video_image": null,
        "created_by": 5,
        "height": "300",
        "width": "300",
        "color": null,
        "order": 0,
        "html_text": "this is html file text",
        "file": "test.html"
    }
},
{
    "model": "stream.content",
    "pk": 13,
    "fields": {
        "crd": "2020-09-30T06:09:31.459Z",
        "upd": "2020-09-30T06:09:31.459Z",
        "status": "Active",
        "name": "content-testing-zip v6",
        "description": "This is description v6",
        "url": "https://encrypted-tbn0.gstatic.com/images?q=tbn:ANd9GcRnkUxsZ0kpbI8nqOhCouv5YoTGCZFpbu3L3A__dggghttRsbWWZA",
        "type": "zip",
        "video_image": null,
        "created_by": 5,
        "height": "300",
        "width": "300",
        "color": null,
        "order": 0,
        "html_text": "this is html file text",
        "file": "test.html"
    }
},
{
    "model": "stream.content",
    "pk": 14,
    "fields": {
        "crd": "2020-09-30T06:09:42.366Z",
        "upd": "2020-09-30T06:15:59.222Z",
        "status": "Active",
        "name": "content-testing v7",
        "description": "This is description v7",
        "url": "https://encrypted-tbn0.gstatic.com/images?q=tbn:ANd9GcRnkUxsZ0kpbI8nqOhCouv5YoTGCZFpbu3L3A__dggghttRsbWWZA",
        "type": "zip",
        "video_image": null,
        "created_by": 5,
        "height": "300",
        "width": "300",
        "color": null,
        "order": 0,
        "html_text": "this is html file text",
        "file": "test.html"
    }
},
{
    "model": "stream.content",
    "pk": 15,
    "fields": {
        "crd": "2020-09-30T06:09:54.393Z",
        "upd": "2020-09-30T06:15:59.222Z",
        "status": "Active",
        "name": "content-testing v8",
        "description": "This is description v8",
        "url": "https://encrypted-tbn0.gstatic.com/images?q=tbn:ANd9GcRnkUxsZ0kpbI8nqOhCouv5YoTGCZFpbu3L3A__dggghttRsbWWZA",
        "type": "zip",
        "video_image": null,
        "created_by": 5,
        "height": "300",
        "width": "300",
        "color": null,
        "order": 0,
        "html_text": "this is html file text",
        "file": "test.html"
    }
},
{
    "model": "stream.contentsharedinimessage",
    "pk": 1,
    "fields": {
        "crd": "2020-09-30T06:25:37.986Z",
        "upd": "2020-09-30T06:25:37.986Z",
        "content": 14,
        "user": 5
    }
},
{
    "model": "stream.contentsharedinimessage",
    "pk": 2,
    "fields": {
        "crd": "2020-09-30T06:25:49.286Z",
        "upd": "2020-09-30T06:25:49.286Z",
        "content": 15,
        "user": 5
    }
},
{
    "model": "stream.streamcontent",
    "pk": 1,
    "fields": {
        "stream": 2,
        "content": 1,
        "attached_date": "2020-09-30T06:12:20.260Z",
        "order": 0,
        "user": 1,
        "thread": "OCK71E"
    }
},
{
    "model": "stream.streamcontent",
    "pk": 2,
    "fields": {
        "stream": 2,
        "content": 2,
        "attached_date": "2020-09-30T06:12:20.448Z",
        "order": 0,
        "user": 1,
        "thread": "OCK71E"
    }
},
{
    "model": "stream.streamcontent",
    "pk": 3,
    "fields": {
        "stream": 1,
        "content": 6,
        "attached_date": "2020-09-30T06:14:21.666Z",
        "order": 0,
        "user": 5,
        "thread": "XNTR3P"
    }
},
{
    "model": "stream.streamcontent",
    "pk": 4,
    "fields": {
        "stream": 7,
        "content": 7,
        "attached_date": "2020-09-30T06:15:10.014Z",
        "order": 0,
        "user": 5,
        "thread": "9QKVRH"
    }
},
{
    "model": "stream.streamcontent",
    "pk": 5,
    "fields": {
        "stream": 7,
        "content": 8,
        "attached_date": "2020-09-30T06:15:10.069Z",
        "order": 0,
        "user": 5,
        "thread": "9QKVRH"
    }
},
{
    "model": "stream.streamcontent",
    "pk": 6,
    "fields": {
        "stream": 10,
        "content": 9,
        "attached_date": "2020-09-30T06:15:59.261Z",
        "order": 1,
        "user": 5,
        "thread": "R2OYA7"
    }
},
{
    "model": "stream.streamcontent",
    "pk": 7,
    "fields": {
        "stream": 10,
        "content": 11,
        "attached_date": "2020-09-30T06:15:59.429Z",
        "order": 0,
        "user": 5,
        "thread": "R2OYA7"
    }
},
{
    "model": "stream.streamcontent",
    "pk": 8,
    "fields": {
        "stream": 10,
        "content": 14,
        "attached_date": "2020-09-30T06:15:59.483Z",
        "order": 0,
        "user": 5,
        "thread": "R2OYA7"
    }
},
{
    "model": "stream.streamcontent",
    "pk": 9,
    "fields": {
        "stream": 10,
        "content": 15,
        "attached_date": "2020-09-30T06:15:59.525Z",
        "order": 0,
        "user": 5,
        "thread": "R2OYA7"
    }
},
{
    "model": "stream.streamuserviewstatus",
    "pk": 1,
    "fields": {
        "stream": 10,
        "action_date": "2020-09-30T06:21:13.253Z",
        "user": 5
    }
},
{
    "model": "stream.likedislikestream",
    "pk": 1,
    "fields": {
        "stream": 10,
        "view_date": "2020-09-30T06:19:05.201Z",
        "user": 5,
        "status": "1"
    }
},
{
    "model": "stream.likedislikecontent",
    "pk": 1,
    "fields": {
        "content": 15,
        "view_date": "2020-09-30T06:20:16.194Z",
        "user": 5,
        "status": "1"
    }
},
{
    "model": "stream.likedislikecontent",
    "pk": 2,
    "fields": {
        "content": 14,
        "view_date": "2020-09-30T06:20:28.030Z",
        "user": 5,
        "status": "1"
    }
},
{
    "model": "stream.extremistreport",
    "pk": 1,
    "fields": {
        "crd": "2020-09-30T06:21:34.607Z",
        "upd": "2020-09-30T06:21:34.746Z",
        "content": null,
        "user": null,
        "stream": null,
        "user_comment": null,
        "created_by": 5,
        "type": "Inappropriate"
    }
},
{
    "model": "stream.extremistreport",
    "pk": 2,
    "fields": {
        "crd": "2020-09-30T06:21:50.117Z",
        "upd": "2020-09-30T06:21:50.134Z",
        "content": null,
        "user": null,
        "stream": null,
        "user_comment": null,
        "created_by": 5,
        "type": "Inappropriate"
    }
},
{
    "model": "stream.recentupdates",
    "pk": 1,
    "fields": {
        "user": 5,
        "stream": null,
        "thread": "6ZWZBK",
        "seen_index": 1
    }
},
{
    "model": "stream.recentupdates",
    "pk": 2,
    "fields": {
        "user": 5,
        "stream": null,
        "thread": "qwer",
        "seen_index": 1
    }
},
{
    "model": "stream.starredstream",
    "pk": 1,
    "fields": {
        "crd": "2020-09-30T06:22:38.844Z",
        "upd": "2020-09-30T06:22:38.844Z",
        "status": "Active",
        "user": 5,
        "stream": 10,
        "view_date": "2020-09-30T06:22:38.844Z"
    }
},
{
    "model": "stream.starredstream",
    "pk": 2,
    "fields": {
        "crd": "2020-09-30T06:22:52.647Z",
        "upd": "2020-09-30T06:23:22.187Z",
        "status": "Active",
        "user": 5,
        "stream": 9,
        "view_date": "2020-09-30T06:22:52.647Z"
    }
},
{
    "model": "stream.newemogoviewstatusonly",
    "pk": 1,
    "fields": {
        "crd": "2020-09-30T06:23:34.266Z",
        "user": 5,
        "stream": 9,
        "have_some_update": false
    }
},
{
    "model": "collaborator.collaborator",
    "pk": 1,
    "fields": {
        "crd": "2020-09-30T05:55:07.986Z",
        "upd": "2020-09-30T05:55:08.028Z",
        "status": "Unverified",
        "name": "penni.mosciski",
        "phone_number": "+919757947533",
        "stream": 1,
        "can_add_content": true,
        "can_add_people": false,
        "image": "",
        "created_by": 5
    }
},
{
    "model": "collaborator.collaborator",
    "pk": 2,
    "fields": {
        "crd": "2020-09-30T05:58:43.756Z",
        "upd": "2020-09-30T05:58:43.759Z",
        "status": "Unverified",
        "name": "arnulfo.reichel",
        "phone_number": "+919757300385",
        "stream": 2,
        "can_add_content": true,
        "can_add_people": false,
        "image": "",
        "created_by": 1
    }
},
{
    "model": "collaborator.collaborator",
    "pk": 3,
    "fields": {
        "crd": "2020-09-30T05:58:43.762Z",
        "upd": "2020-09-30T05:58:43.763Z",
        "status": "Unverified",
        "name": "update v3 collab 7",
        "phone_number": "+919751562896",
        "stream": 2,
        "can_add_content": true,
        "can_add_people": false,
        "image": "",
        "created_by": 1
    }
},
{
    "model": "collaborator.collaborator",
    "pk": 4,
    "fields": {
        "crd": "2020-09-30T05:59:15.600Z",
        "upd": "2020-09-30T05:59:15.603Z",
        "status": "Unverified",
        "name": "arnulfo.reichel",
        "phone_number": "+919757300385",
        "stream": 3,
        "can_add_content": true,
        "can_add_people": false,
        "image": "",
        "created_by": 1
    }
},
{
    "model": "collaborator.collaborator",
    "pk": 5,
    "fields": {
        "crd": "2020-09-30T05:59:15.605Z",
        "upd": "2020-09-30T05:59:15.606Z",
        "status": "Unverified",
        "name": "update v3 collab 7",
        "phone_number": "+919751562896",
        "stream": 3,
        "can_add_content": true,
        "can_add_people": false,
        "image": "",
        "created_by": 1
    }
},
{
    "model": "collaborator.collaborator",
    "pk": 6,
    "fields": {
        "crd": "2020-09-30T06:00:28.314Z",
        "upd": "2020-09-30T06:00:28.317Z",
        "status": "Unverified",
        "name": "penni.mosciski",
        "phone_number": "+919757947533",
        "stream": 4,
        "can_add_content": true,
        "can_add_people": false,
        "image": "",
        "created_by": 5
    }
},
{
    "model": "collaborator.collaborator",
    "pk": 7,
    "fields": {
        "crd": "2020-09-30T06:01:30.961Z",
        "upd": "2020-09-30T06:01:30.964Z",
        "status": "Unverified",
        "name": "penni.mosciski",
        "phone_number": "+919757947533",
        "stream": 5,
        "can_add_content": true,
        "can_add_people": false,
        "image": "",
        "created_by": 5
    }
},
{
    "model": "collaborator.collaborator",
    "pk": 8,
    "fields": {
        "crd": "2020-09-30T06:01:49.941Z",
        "upd": "2020-09-30T06:01:49.944Z",
        "status": "Unverified",
        "name": "penni.mosciski",
        "phone_number": "+919757947533",
        "stream": 6,
        "can_add_content": true,
        "can_add_people": false,
        "image": "",
        "created_by": 5
    }
},
{
    "model": "collaborator.collaborator",
    "pk": 9,
    "fields": {
        "crd": "2020-09-30T06:02:13.847Z",
        "upd": "2020-09-30T06:02:13.849Z",
        "status": "Unverified",
        "name": "penni.mosciski",
        "phone_number": "+919757947533",
        "stream": 7,
        "can_add_content": true,
        "can_add_people": false,
        "image": "",
        "created_by": 5
    }
},
{
    "model": "collaborator.collaborator",
    "pk": 10,
    "fields": {
        "crd": "2020-09-30T06:02:29.475Z",
        "upd": "2020-09-30T06:02:29.477Z",
        "status": "Unverified",
        "name": "penni.mosciski",
        "phone_number": "+919757947533",
        "stream": 8,
        "can_add_content": true,
        "can_add_people": false,
        "image": "",
        "created_by": 5
    }
},
{
    "model": "collaborator.collaborator",
    "pk": 11,
    "fields": {
        "crd": "2020-09-30T06:02:50.864Z",
        "upd": "2020-09-30T06:02:50.869Z",
        "status": "Unverified",
        "name": "penni.mosciski",
        "phone_number": "+919757947533",
        "stream": 9,
        "can_add_content": true,
        "can_add_people": false,
        "image": "",
        "created_by": 5
    }
},
{
    "model": "collaborator.collaborator",
    "pk": 12,
    "fields": {
        "crd": "2020-09-30T06:02:59.052Z",
        "upd": "2020-09-30T06:02:59.056Z",
        "status": "Unverified",
        "name": "penni.mosciski",
        "phone_number": "+919757947533",
        "stream": 10,
        "can_add_content": true,
        "can_add_people": false,
        "image": "",
        "created_by": 5
    }
},
{
    "model": "notification.notification",
    "pk": 1,
    "fields": {
        "crd": "2020-09-30T06:19:29.838Z",
        "upd": "2020-09-30T06:19:29.839Z",
        "notification_type": "follower",
        "from_user": 5,
        "to_user": 2,
        "stream": null,
        "content": null,
        "comment": null,
        "content_lists": null,
        "content_count": null,
        "is_open": true
    }
},
{
    "model": "notification.notification",
    "pk": 2,
    "fields": {
        "crd": "2020-09-30T06:19:42.315Z",
        "upd": "2020-09-30T06:19:42.315Z",
        "notification_type": "follower",
        "from_user": 5,
        "to_user": 1,
        "stream": null,
        "content": null,
        "comment": null,
        "content_lists": null,
        "content_count": null,
        "is_open": true
    }
},
{
    "model": "notification.notification",
    "pk": 3,
    "fields": {
        "crd": "2020-09-30T06:22:05.122Z",
        "upd": "2020-09-30T06:22:05.122Z",
        "notification_type": "self",
        "from_user": 5,
        "to_user": 5,
        "stream": null,
        "content": null,
        "comment": null,
        "content_lists": null,
        "content_count": 12,
        "is_open": true
    }
}
]
